ET,FileInput,CPU_Kernel,GPU_Kernel,Host2GPU,GPU2Host
16.784297, 1.828493, 14.955771, 0.000000, 0.000000, 0.000000
